path	lines	comment_lines	ratio	history_hits	bytes	gzip_bytes
.github/dependabot.yml	17	5	0.2941	0	626	348
.github/workflows/ci.yml	286	146	0.5105	10	14284	5575
.github/workflows/firmware.yml	84	27	0.3214	0	3187	1321
.gitignore	61	39	0.6393	5	2626	1226
adsb-test/.gitignore	8	3	0.3750	0	211	180
adsb-test/analyze_samples.py	297	38	0.1279	6	11375	3618
adsb-test/query_aggregator.py	219	48	0.2192	5	7716	3106
adsb-test/sample_window.py	165	36	0.2182	4	6072	2454
companion/__init__.py	1	1	1.0000	2	73	89
companion/app.py	3744	2140	0.5716	457	201663	59257
companion/auth.py	540	279	0.5167	43	23052	8715
companion/battery.py	457	288	0.6302	31	21280	8062
companion/conftest.py	218	81	0.3716	5	8309	3098
companion/contrast_check.py	226	140	0.6195	8	9844	4193
companion/draw.py	1367	873	0.6386	21	64716	22885
companion/frame_state.py	216	151	0.6991	17	10722	4075
companion/i18n.py	42	28	0.6667	4	1730	873
companion/i18n_fr/__init__.py	47	24	0.5106	3	1871	923
companion/i18n_fr/airlines.py	140	58	0.4143	26	7880	3286
companion/i18n_fr/calendar_group.py	77	53	0.6883	15	4100	1898
companion/i18n_fr/common.py	236	65	0.2754	20	13178	4670
companion/i18n_fr/display.py	485	309	0.6371	102	27684	10599
companion/i18n_fr/flights.py	160	89	0.5563	26	8638	3647
companion/i18n_fr/frame_state.py	70	63	0.9000	9	3906	1918
companion/i18n_fr/health.py	383	149	0.3890	43	21717	8354
companion/i18n_fr/home.py	146	88	0.6027	27	7818	3371
companion/i18n_fr/nav.py	101	70	0.6931	30	5070	2292
companion/i18n_fr/notifications.py	72	45	0.6250	16	3692	1770
companion/i18n_fr/registry.py	59	32	0.5424	3	2463	1140
companion/i18n_fr/rules.py	74	47	0.6351	10	3966	1821
companion/illustration_normalize.py	153	105	0.6863	4	8021	3480
companion/layout.py	4168	2726	0.6540	458	217919	70666
companion/pages/__init__.py	176	176	1.0000	35	10792	4196
companion/pages/airlines_page.py	2503	1652	0.6600	382	134906	43604
companion/pages/config_page.py	6652	4430	0.6660	932	366815	115943
companion/pages/health_page.py	4675	3192	0.6828	554	254969	85051
companion/pages/history_page.py	1821	1116	0.6129	190	93411	31538
companion/pages/home_page.py	950	497	0.5232	89	46917	16594
companion/prefs.py	59	45	0.7627	5	2765	1359
companion/screens.py	139	95	0.6835	26	7091	2947
companion/static/battery-trend.js	222	117	0.5270	21	10336	4055
companion/static/confirm-submit.js	79	50	0.6329	4	3464	1706
companion/static/copy-button.js	179	71	0.3966	8	7206	2861
companion/static/dirty-state.js	726	472	0.6501	47	35867	12809
companion/static/flash-cleanup.js	95	72	0.7579	3	4890	2295
companion/static/flight-rows.js	281	148	0.5267	9	12099	4770
companion/static/freshness.js	1073	645	0.6011	83	50578	17471
companion/static/list-filter.js	240	144	0.6000	18	11359	4592
companion/static/login-card.js	152	86	0.5658	3	7384	3202
companion/static/nav-dropdown.js	225	129	0.5733	8	10275	4207
companion/static/panel-lookup.js	691	349	0.5051	46	31999	11003
companion/static/poll-cooldown.js	88	47	0.5341	6	3770	1717
companion/static/quick-switch.js	340	195	0.5735	5	16038	6327
companion/static/relative-time.js	379	204	0.5383	6	16065	6095
companion/static/style.css	10689	6842	0.6401	830	512795	170211
companion/static/submit-guard.js	212	142	0.6698	6	9928	4059
companion/static/theme-preview.js	422	259	0.6137	31	19825	7418
companion/static/value-controls.js	1114	608	0.5458	36	52453	17720
companion/test_app_server_fixture.py	211	52	0.2464	2	7968	2951
companion/test_browser_origin.py	159	32	0.2013	4	6293	2546
companion/test_browser_policy.py	134	36	0.2687	2	4897	1928
companion/test_browser_ux_01.py	1408	542	0.3849	136	75969	21502
companion/test_browser_ux_02.py	1954	562	0.2876	115	104647	28273
companion/test_browser_ux_03.py	1844	269	0.1459	110	93858	21695
companion/test_browser_ux_04.py	1486	340	0.2288	79	77135	20614
companion/test_browser_ux_health_drawings.py	1794	554	0.3088	60	100192	26947
companion/test_browser_ux_helpers.py	2717	1399	0.5149	57	137513	45932
companion/test_browser_ux_quiet_wake.py	1938	623	0.3215	73	98686	26761
companion/test_companion_app_01.py	897	267	0.2977	65	45430	13890
companion/test_companion_app_02.py	1618	355	0.2194	72	89817	25150
companion/test_companion_app_03.py	1541	341	0.2213	111	86132	21021
companion/test_companion_app_04.py	967	183	0.1892	39	57268	13730
companion/test_companion_app_04b.py	904	204	0.2257	28	49679	11752
companion/test_companion_app_05.py	1661	296	0.1782	70	92504	19944
companion/test_companion_app_helpers.py	197	81	0.4112	3	8350	3472
companion/test_config_page_01.py	658	147	0.2234	57	35143	9868
companion/test_config_page_02.py	2220	690	0.3108	157	128088	33962
companion/test_config_page_03.py	1777	508	0.2859	125	101573	26763
companion/test_config_page_04.py	938	216	0.2303	68	55886	12879
companion/test_config_page_04b.py	1000	220	0.2200	81	61872	15141
companion/test_config_page_05.py	1578	321	0.2034	128	88791	24751
companion/test_config_page_helpers.py	145	79	0.5448	10	6608	3056
companion/test_contrast_check.py	335	91	0.2716	0	15718	4667
companion/test_health_offbox.py	269	33	0.1227	7	10411	2256
companion/test_i18n.py	287	61	0.2125	3	11609	3592
companion/test_login_throttle.py	182	40	0.2198	6	7212	2433
companion/test_post_origin.py	232	39	0.1681	5	8774	2627
companion/test_status_pages_01.py	940	230	0.2447	53	51906	13641
companion/test_status_pages_02.py	1726	455	0.2636	124	101266	27979
companion/test_status_pages_03.py	1836	463	0.2522	139	107779	26175
companion/test_status_pages_04.py	1351	236	0.1747	6	76271	20162
companion/test_status_pages_05.py	797	225	0.2823	77	41817	12383
companion/test_status_pages_05b.py	803	207	0.2578	31	45530	13039
companion/test_status_pages_06.py	1540	418	0.2714	117	79848	21540
companion/test_status_pages_07.py	1402	395	0.2817	74	86420	25781
companion/test_status_pages_helpers.py	179	56	0.3128	1	6780	2647
companion/test_suite_guards.py	777	83	0.1068	1	34665	9067
companion/test_view_pages_01.py	637	99	0.1554	44	32685	8769
companion/test_view_pages_02.py	1431	322	0.2250	121	79236	20003
companion/test_view_pages_03.py	1464	211	0.1441	74	81332	22223
companion/test_view_pages_04.py	1699	471	0.2772	60	99160	28554
companion/test_view_pages_helpers.py	122	52	0.4262	0	4962	2204
companion/theme_preview.py	376	235	0.6250	25	18591	7305
companion/wake.py	38	30	0.7895	7	2024	1071
conftest.py	59	26	0.4407	1	2600	1234
deploy/.gitignore	6	5	0.8333	0	347	268
deploy/Caddyfile	126	100	0.7937	11	6857	3103
deploy/activate.sh	385	65	0.1688	6	15433	5074
deploy/backup/backup_gate.py	159	39	0.2453	7	5502	2254
deploy/backup/install-backup-key.sh	66	25	0.3788	5	2990	1458
deploy/backup/mac/install-launchagent.sh	83	20	0.2410	5	2931	1254
deploy/backup/mac/skypane-backup-pull.plist.template	43	13	0.3023	2	1424	743
deploy/backup/mac/skypane-backup-pull.sh	171	32	0.1871	3	5591	2451
deploy/backup/skypane_backup.py	246	54	0.2195	8	9238	3559
deploy/deploy.sh	61	33	0.5410	5	2871	1442
deploy/harden_sshd.sh	86	27	0.3140	4	3254	1526
deploy/provision.sh	224	102	0.4554	14	11390	4716
deploy/render_caddyfile.sh	68	39	0.5735	4	3026	1353
deploy/skypane-backup.service	59	17	0.2881	2	2180	1106
deploy/skypane-backup.timer	16	5	0.3125	0	532	367
deploy/skypane-byos.service	76	26	0.3421	2	3047	1546
deploy/skypane-companion.service	80	31	0.3875	4	3269	1643
deploy/skypane-poll.service	57	13	0.2281	2	2061	1112
deploy/skypane-poll.timer	16	5	0.3125	1	496	350
deploy/skypane.env.example	108	88	0.8148	10	6213	2950
deploy/tests/conftest.py	336	62	0.1845	5	11817	4199
deploy/tests/test_activate.py	418	26	0.0622	6	15790	3754
deploy/tests/test_backup.py	341	22	0.0645	4	13448	3605
deploy/tests/test_backup_gate.py	162	8	0.0494	3	6275	1610
deploy/tests/test_caddyfile.py	168	27	0.1607	4	6327	2173
deploy/tests/test_ci_secrets.py	122	23	0.1885	3	4597	1781
deploy/tests/test_deploy.py	135	14	0.1037	1	4485	1786
deploy/tests/test_docs.py	84	9	0.1071	4	2537	1045
deploy/tests/test_install_backup_key.py	146	18	0.1233	6	5043	1946
deploy/tests/test_mac_pull.py	299	18	0.0602	2	11633	3545
deploy/tests/test_provision.py	241	21	0.0871	6	8197	2752
deploy/tests/test_units.py	205	17	0.0829	4	6909	2378
firmware/.gitignore	17	8	0.4706	1	535	323
firmware/CMakeLists.txt	15	9	0.6000	0	703	474
firmware/build.sh	106	32	0.3019	1	4179	1679
firmware/flash.sh	129	23	0.1783	1	4385	1905
firmware/main/CMakeLists.txt	8	0	0.0000	0	299	188
firmware/main/Kconfig.projbuild	239	12	0.0502	4	11066	4259
firmware/main/api_base.c	47	6	0.1277	0	1266	589
firmware/main/api_base.h	28	21	0.7500	0	1182	727
firmware/main/api_client.c	701	146	0.2083	8	26679	8255
firmware/main/api_client.h	88	62	0.7045	1	4610	2190
firmware/main/app_main.c	371	139	0.3747	8	15765	5722
firmware/main/backoff.c	16	3	0.1875	0	435	298
firmware/main/backoff.h	8	4	0.5000	0	284	244
firmware/main/battery.c	150	25	0.1667	3	5308	1912
firmware/main/battery.h	20	16	0.8000	2	1082	662
firmware/main/battery_math.c	47	16	0.3404	0	1660	851
firmware/main/battery_math.h	23	16	0.6957	2	1118	654
firmware/main/enrol_secret.c	41	7	0.1707	0	1206	613
firmware/main/enrol_secret.h	19	12	0.6316	0	884	561
firmware/main/epd13in3e.c	321	47	0.1464	0	11236	3627
firmware/main/epd13in3e.h	22	14	0.6364	0	925	586
firmware/main/fault_inject.c	65	20	0.3077	2	2232	1008
firmware/main/fault_inject.h	37	22	0.5946	2	1500	866
firmware/main/fault_screen.c	138	37	0.2681	2	5516	2345
firmware/main/fault_screen.h	83	66	0.7952	3	4514	2235
firmware/main/fault_screen_mask.h	1530	6	0.0039	0	128919	5464
firmware/main/led.c	77	22	0.2857	0	2364	1136
firmware/main/led.h	39	33	0.8462	1	1904	1028
firmware/main/nvs_schema.h	63	49	0.7778	3	3259	1673
firmware/main/nvs_util.c	68	3	0.0441	0	1703	538
firmware/main/nvs_util.h	32	18	0.5625	0	1406	694
firmware/main/panel.c	113	17	0.1504	0	3730	1428
firmware/main/panel.h	27	17	0.6296	0	1186	727
firmware/main/panel_guard.c	40	5	0.1250	0	1317	525
firmware/main/panel_guard.h	61	44	0.7213	0	3026	1497
firmware/main/reset_reason.c	76	6	0.0789	0	1924	698
firmware/main/reset_reason.h	70	36	0.5143	0	2898	1417
firmware/main/secrets.example.h	44	35	0.7955	1	2000	1033
firmware/main/sleep_decision.c	40	8	0.2000	0	1318	620
firmware/main/sleep_decision.h	50	37	0.7400	1	2428	1137
firmware/main/state_machine.c	193	47	0.2435	2	7033	2709
firmware/main/state_machine.h	60	41	0.6833	2	2897	1429
firmware/main/tls_session.c	187	27	0.1444	0	5750	2030
firmware/main/tls_session.h	68	52	0.7647	1	3590	1686
firmware/main/validate.c	124	4	0.0323	0	3058	1035
firmware/main/validate.h	85	46	0.5412	0	4187	1866
firmware/main/wake_deadline.c	24	5	0.2083	0	780	397
firmware/main/wake_deadline.h	60	46	0.7667	1	3257	1554
firmware/main/wake_guard.c	159	26	0.1635	0	5100	1901
firmware/main/wake_guard.h	96	77	0.8021	3	5085	2207
firmware/main/wifi.c	233	22	0.0944	1	7390	2385
firmware/main/wifi.h	33	22	0.6667	2	1470	850
firmware/monitor.sh	43	16	0.3721	0	1451	811
firmware/partitions.csv	13	5	0.3846	0	686	376
firmware/provision.sh	266	57	0.2143	1	9478	3598
firmware/sdkconfig.defaults	79	32	0.4051	2	3147	1701
firmware/sdkconfig.dev.defaults	6	5	0.8333	0	245	216
firmware/sdkconfig.ee02.defaults	106	82	0.7736	6	4946	2475
firmware/tests/check_log_contract.sh	91	28	0.3077	1	3884	1463
firmware/tests/check_production_config.sh	181	31	0.1713	5	7058	2720
firmware/tests/run_host_tests.sh	81	15	0.1852	2	2325	1165
firmware/tests/test_api_base.c	71	19	0.2676	0	2624	1008
firmware/tests/test_backoff.c	29	13	0.4483	0	1100	540
firmware/tests/test_battery_math.c	50	23	0.4600	6	2515	1111
firmware/tests/test_fault_screen.c	188	17	0.0904	2	5988	1863
firmware/tests/test_panel_guard.c	114	32	0.2807	0	4319	1529
firmware/tests/test_reset_reason.c	102	17	0.1667	1	4491	1203
firmware/tests/test_sleep_decision.c	91	18	0.1978	1	3323	1072
firmware/tests/test_validate.c	207	42	0.2029	0	7356	1870
firmware/tests/test_wake_deadline.c	71	14	0.1972	1	2350	911
firmware/tools/gen_fault_screen.py	292	107	0.3664	3	11992	4868
hardware/logtools.py	1085	273	0.2516	5	46581	13873
pyproject.toml	179	132	0.7374	18	9625	4462
scripts/check-attribution.sh	128	17	0.1328	1	4190	1557
scripts/check_comment_history.py	820	43	0.0524	0	25867	6217
scripts/lock-deps.sh	51	22	0.4314	1	2138	942
scripts/run-all-tests.sh	68	37	0.5441	0	3438	1639
scripts/run-local-verify.sh	5	1	0.2000	0	199	187
server/.gitignore	15	4	0.2667	0	321	220
server/device_config.py	1154	642	0.5563	113	58420	18200
server/history_db.py	723	340	0.4703	28	31191	10982
server/notify.py	212	128	0.6038	25	9942	4077
server/panel_format.py	145	96	0.6621	19	7286	3317
server/panel_preview.py	160	76	0.4750	7	7038	3113
server/plane/__init__.py	0	0	0.0000	0	0	20
server/plane/calendar_rules.py	2221	1373	0.6182	118	109359	35657
server/plane/colour_rules.py	532	236	0.4436	27	22392	7390
server/plane/detect.py	1129	665	0.5890	46	56715	18767
server/plane/dither.py	140	75	0.5357	10	6654	2865
server/plane/enrich.py	1157	795	0.6871	95	59765	20471
server/plane/illustrations.py	1177	512	0.4350	93	59392	19341
server/plane/manual_resolutions.py	508	272	0.5354	28	23027	7845
server/plane/render.py	3044	1587	0.5214	312	156273	49125
server/plane/runway_config.py	97	72	0.7423	12	4924	2165
server/poll_loop.py	1986	1128	0.5680	218	104566	32597
server/requirements-dev.in	32	22	0.6875	3	1404	741
server/requirements.in	12	10	0.8333	0	507	332
server/state/.gitignore	2	0	0.0000	0	14	34
server/test_calendar_rules.py	2145	289	0.1347	24	111120	25696
server/test_colour_rules.py	481	52	0.1081	13	25311	5449
server/test_config_history.py	1889	317	0.1678	44	109058	23710
server/test_dither.py	100	29	0.2900	12	4363	1779
server/test_enrich.py	1044	147	0.1408	61	55357	13283
server/test_fault_screen_mask.py	60	17	0.2833	2	2545	1073
server/test_illustrations.py	821	114	0.1389	40	42769	9508
server/test_manual_resolutions.py	353	42	0.1190	14	17032	4480
server/test_notify.py	207	50	0.2415	7	9316	3208
server/test_panel_preview.py	204	40	0.1961	1	9415	3022
server/test_pipeline_e2e.py	462	138	0.2987	12	22178	7202
server/test_plane_detection.py	1114	348	0.3124	12	61697	16562
server/test_poll_loop.py	3268	516	0.1579	65	177263	36020
server/test_render.py	3750	1030	0.2747	186	215703	53876
server/test_runway_config.py	154	34	0.2208	6	7189	2166
server/wake.py	442	315	0.7127	36	22136	8000
stub-server/.gitignore	10	3	0.3000	0	243	187
stub-server/byos_server.py	915	487	0.5322	49	44978	14205
stub-server/devices_cli.py	132	30	0.2273	0	5052	1856
stub-server/make_test_panel.py	120	50	0.4167	0	4386	1909
stub-server/test_devices_registry.py	459	55	0.1198	0	18247	4537
stub-server/test_poll_cycle.py	1279	329	0.2572	20	65948	15540
test-support/companion_app_server.py	320	85	0.2656	2	12076	4224
test-support/companion_markup.py	594	118	0.1987	1	19781	5885
test-support/sitecustomize.py	26	10	0.3846	0	1110	583
test-support/skypane_test_support.py	391	93	0.2379	0	14331	4864
test-support/test_check_comment_history.py	534	32	0.0599	0	20285	4519
test-support/test_companion_markup.py	190	8	0.0421	2	6186	1968
test-support/test_test_support.py	284	17	0.0599	0	9208	2617
